{"num_topics": 57, "avg_topic_diversity": 9.75438596491228, "total_unique_words": 413, "topic_size_std": 489.5384853036719, "topic_size_cv": 3.352197700902126, "doc_coverage": 0.8927498927498928, "avg_topic_size": 146.03508771929825, "topic_sizes": [3697, 759, 439, 334, 279, 230, 222, 133, 118, 118, 105, 102, 89, 74, 69, 61, 59, 55, 54, 50, 49, 47, 45, 45, 43, 42, 42, 42, 42, 42, 42, 41, 40, 40, 38, 38, 37, 37, 37, 34, 34, 33, 32, 32, 31, 30, 27, 26, 25, 25, 25, 24, 24, 23, 23, 20, 20], "topic_diversities": [10, 10, 10, 10, 10, 10, 10, 10, 10, 10, 10, 10, 10, 10, 10, 10, 10, 10, 9, 10, 10, 10, 10, 10, 10, 10, 10, 1, 10, 10, 10, 10, 10, 10, 10, 10, 10, 10, 10, 10, 10, 10, 10, 10, 10, 10, 10, 10, 10, 10, 10, 10, 10, 10, 6, 10, 10]}