{"num_topics": 17, "avg_topic_diversity": 10.0, "total_unique_words": 146, "topic_size_std": 650.3258432679308, "topic_size_cv": 2.633525330051173, "doc_coverage": 0.9122120817036071, "avg_topic_size": 246.94117647058823, "topic_sizes": [2823, 431, 132, 107, 91, 79, 63, 63, 62, 59, 58, 50, 45, 42, 36, 33, 24], "topic_diversities": [10, 10, 10, 10, 10, 10, 10, 10, 10, 10, 10, 10, 10, 10, 10, 10, 10]}