label,precision,recall,f1,support
Positive,0.8888888888888888,1.0,0.9411764705882353,8
Negative,1.0,0.8,0.8888888888888888,10
Neutral,0.6666666666666666,0.8,0.7272727272727273,5
