{"overall_coherence": -4.922577957690389, "topic_coherences": [-6.618476676196825, -5.568551387766021, -7.65173378770817, -6.293540184913711, -7.899827660907322, -8.093512787739241, -7.067315384671196, -6.625199669976586, -6.865779929470052, -5.869391192372185, -5.05978582131712, -4.430566096180639, -5.3210708456879905, -6.234861948940949, -5.869391192372186, -6.908750524135626, -5.6936096558588, -5.919559214556275, -6.95608015987091, -5.6936096558588, -6.127656498989418, -5.6936096558588, -5.6936096558588, -5.089904383236593, -6.127656498989418, -5.575688171885914, -6.8872934814033, -3.878595332816249, -6.127656498989418, -5.869391192372186, -6.127656498989418, -4.848668011597559, -6.863904120105376, -5.869391192372186, -6.127656498989418, -5.592990321483537, -6.127656498989418, -6.127656498989418, -6.127656498989418, -6.56337092033075, -6.127656498989418, -4.014989491674047, -5.203943126527936, -4.868521827586148, -4.014989491674047, -5.575688171885914, -4.946867193009322, -4.44910126916354, -4.905625682196435, -6.791107750137188, -6.127656498989418, -3.0436004937180132, -3.8087427687755615, -5.575688171885914, -4.946867193009322, -4.862733205078497, -6.127656498989418, -4.498516905714465, -5.367605555691641, -3.85369157680686, -4.44910126916354, -6.450648293431754, -4.349054719728358, -4.349054719728358, -4.800282091444325, -4.868521827586148, -4.904047195068398, -6.901960115830013, -4.59831571904595, -4.879172285189346, -4.573382197149479, -5.608979985332014, -2.2224901381720157, -5.815173953763541, -4.79527071634401, -6.127656498989418, -5.575688171885914, -7.4081862041386675, -5.575688171885914, -5.575688171885914, -6.127656498989418, -6.127656498989418, -4.913112385748867, -6.127656498989418, -2.6661629394796367, -5.869391192372186, -5.869391192372186, -5.592990321483537, -4.905625682196435, -4.59831571904595, -3.531133637500044, -4.331436386160541, -4.331436386160541, -6.786782060448289, -4.79527071634401, -6.517860431765733, -4.498516905714465, -3.6638079137259876, -3.819851710839953, -5.575688171885914, -4.20252431045706, -4.7392060058310665, -4.905625682196435, -4.79527071634401, -2.2224901381720157, -6.343563874953112, -4.346672930106295, -4.309905646462753, -4.346672930106295, -2.2224901381720157, -3.8027603238737275, -2.2224901381720157, -7.467786951660605, -3.116269875848387, -4.703073307234199, -4.309812164608213, -4.579120260470445, -2.758270590217238, -4.067758122731113, -4.215641331615226, -3.7476366407895396, -4.612485051282018, -5.372349385984441, -7.051846580317302, -4.346672930106295, -2.570647903740817, -4.321739574567758, -6.612978076957895, -3.2260067073645655, -2.6331099286178157, -4.015229321096042, -4.346672930106295, -2.868752440983026, -5.397049948197531, -4.868521827586148, -4.110129208863136, -6.766506070897288, -2.469730012550303, -4.59831571904595, -3.4948826796052432, -4.79527071634401, -3.6211493477073287, -2.3099922256575027, -3.4912920849286206, -3.4167511847841046, -4.598518663125134, -2.0348581434254958, -6.127656498989418, -4.471929603050167, -2.6864471375459784, -2.1545012905723264, -5.110011155686084, -3.912859387330883, -5.065852764112376, -6.00182901346052, -2.154332124281463, -6.262266488966666, -5.2369062804656945, -2.267927692465621, -5.567533321176914, -2.744665190829002, -4.098406636489368, -3.204394274207663, -3.9086417405932563, -3.557075349275274, -3.1129947146649233, -3.406162676469562, -2.556229427905457, -2.721489244389362, -6.2489242340598405, -6.127656498989418], "coherence_type": "c_v", "num_topics": 171, "coherence_backend": "fallback"}