{"num_topics": 22, "avg_topic_diversity": 9.636363636363637, "total_unique_words": 159, "topic_size_std": 575.1847870521249, "topic_size_cv": 2.089853891849174, "doc_coverage": 0.6493993993993994, "avg_topic_size": 275.22727272727275, "topic_sizes": [2814, 687, 467, 375, 204, 172, 157, 116, 109, 103, 102, 97, 83, 82, 78, 77, 59, 58, 56, 55, 52, 52], "topic_diversities": [10, 10, 10, 10, 10, 10, 10, 10, 10, 10, 2, 10, 10, 10, 10, 10, 10, 10, 10, 10, 10, 10]}