{"num_topics": 163, "avg_topic_diversity": 9.94478527607362, "total_unique_words": 951, "topic_size_std": 47.98882574714671, "topic_size_cv": 1.2043385060484857, "doc_coverage": 0.6965894465894465, "avg_topic_size": 39.84662576687116, "topic_sizes": [516, 239, 168, 150, 132, 126, 112, 93, 80, 78, 72, 72, 70, 69, 67, 67, 67, 67, 66, 64, 61, 61, 60, 59, 55, 54, 54, 53, 52, 52, 50, 50, 49, 49, 48, 47, 47, 47, 47, 46, 46, 46, 46, 46, 45, 45, 43, 43, 42, 42, 42, 41, 41, 40, 40, 40, 40, 37, 36, 36, 36, 36, 35, 35, 35, 35, 35, 35, 35, 34, 34, 34, 34, 34, 33, 33, 33, 33, 33, 33, 33, 33, 33, 33, 31, 31, 31, 31, 30, 29, 29, 29, 28, 28, 27, 27, 27, 27, 26, 25, 23, 23, 23, 22, 22, 21, 21, 21, 21, 21, 21, 20, 20, 20, 20, 19, 19, 17, 17, 17, 17, 17, 17, 17, 16, 16, 15, 15, 15, 15, 14, 14, 14, 14, 14, 14, 14, 14, 13, 13, 13, 13, 13, 13, 12, 12, 12, 12, 12, 12, 12, 11, 11, 11, 11, 11, 11, 11, 10, 10, 10, 10, 10], "topic_diversities": [10, 10, 10, 10, 10, 10, 10, 10, 10, 10, 10, 10, 10, 10, 10, 10, 10, 10, 10, 10, 10, 10, 10, 10, 10, 10, 10, 10, 7, 10, 10, 10, 10, 10, 7, 10, 10, 10, 10, 10, 10, 10, 10, 10, 10, 10, 10, 10, 10, 10, 10, 10, 10, 10, 10, 10, 10, 10, 10, 10, 10, 10, 10, 10, 10, 10, 10, 10, 10, 10, 10, 10, 10, 10, 10, 10, 10, 10, 10, 10, 10, 10, 10, 10, 10, 10, 10, 10, 10, 10, 10, 10, 10, 10, 10, 10, 10, 10, 10, 10, 7, 10, 10, 10, 10, 10, 10, 10, 10, 10, 10, 10, 10, 10, 10, 10, 10, 10, 10, 10, 10, 10, 10, 10, 10, 10, 10, 10, 10, 10, 10, 10, 10, 10, 10, 10, 10, 10, 10, 10, 10, 10, 10, 10, 10, 10, 10, 10, 10, 10, 10, 10, 10, 10, 10, 10, 10, 10, 10, 10, 10, 10, 10]}