{"overall_coherence": -4.9380550172089634, "topic_coherences": [-7.188598020065271, -6.618476676196825, -8.2850550503256, -8.362013609513602, -6.29354018491371, -7.067315384671196, -4.868521827586148, -6.625199669976586, -5.869391192372186, -7.182202213174025, -6.127656498989418, -5.403856519241893, -6.8170107030181715, -5.869391192372186, -5.575688171885914, -5.869391192372185, -5.6936096558588, -5.575688171885914, -4.43056609618064, -5.575688171885914, -5.6936096558588, -4.79527071634401, -5.575688171885914, -5.568551387766021, -7.887501196550794, -5.6936096558588, -4.59831571904595, -5.568551387766021, -6.127656498989418, -2.2224901381720157, -3.878595332816249, -6.127656498989418, -4.913112385748867, -6.127656498989418, -6.56337092033075, -6.960281860181109, -6.424504967364499, -5.869391192372186, -8.223128779897326, -6.127656498989418, -4.014989491674047, -6.160767146513658, -6.127656498989418, -4.346672930106295, -6.127656498989418, -4.848668011597559, -6.127656498989418, -6.127656498989418, -6.127656498989418, -5.592990321483537, -3.0436004937180132, -4.946867193009322, -6.127656498989418, -6.127656498989418, -4.905625682196435, -5.568551387766021, -6.776327020070736, -6.127656498989418, -3.8087427687755615, -4.349054719728358, -4.862733205078497, -4.014989491674047, -6.127656498989418, -6.901960115830011, -5.592990321483537, -4.787915123507937, -4.331436386160541, -4.346672930106295, -4.349054719728358, -6.9672206876666465, -4.879172285189346, -4.904047195068398, -5.669274334301879, -7.165441468140168, -4.44910126916354, -6.127656498989418, -5.869391192372186, -4.764292296815688, -2.2224901381720157, -3.608813286685251, -4.79527071634401, -4.498516905714465, -6.176715700188469, -5.56855138776602, -4.177563544622208, -5.568551387766021, -4.498516905714465, -5.650425956389326, -4.59831571904595, -2.8545157270578847, -6.49889808671086, -5.6936096558588, -4.79527071634401, -3.531133637500043, -5.568551387766021, -3.6638079137259876, -2.636251216588769, -4.7392060058310665, -5.6936096558588, -6.568060891733556, -3.819851710839954, -4.309905646462753, -3.8027603238737275, -2.636251216588769, -4.44910126916354, -4.703073307234199, -7.467786951660605, -3.7254628358703776, -4.331436386160541, -3.885047475703094, -4.946867193009322, -4.215641331615226, -4.963514232684632, -4.905625682196435, -4.905625682196435, -6.667561870335724, -4.44910126916354, -4.067758122731112, -2.570647903740817, -7.051846580317303, -4.612485051282018, -2.6963855301630577, -3.875323106093183, -2.6331099286178157, -3.2260067073645655, -6.766506070897288, -3.154054567801088, -6.345505629655175, -2.2224901381720157, -4.937800043476982, -2.481118778861112, -3.5784951890822247, -3.4167511847841046, -3.4948826796052432, -5.372349385984442, -4.110129208863136, -4.996182803324284, -2.7093548715339844, -3.6749000935458356, -4.886935885635105, -4.59831571904595, -2.9546180414670946, -1.9796379956524288, -2.744665190829002, -5.2369062804656945, -3.6211493477073287, -4.946867193009322, -5.110011155686084, -2.389299746576775, -2.154332124281463, -2.266450663890635, -6.262266488966666, -4.098406636489368, -4.228995403235666, -6.00182901346052, -4.130599382441087, -3.1618219274946178, -2.185835634765908, -3.7581306742619303, -2.721489244389362, -6.092044699307266, -2.556229427905457, -4.1401464284252745, -4.088119167616516], "coherence_type": "c_v", "num_topics": 164, "coherence_backend": "fallback"}