{"num_topics": 29, "avg_topic_diversity": 5.344827586206897, "total_unique_words": 15, "topic_size_std": 453.7812570511168, "topic_size_cv": 2.102181542249583, "doc_coverage": 0.6713856713856714, "avg_topic_size": 215.86206896551724, "topic_sizes": [2391, 861, 698, 322, 276, 233, 200, 119, 114, 105, 105, 102, 87, 85, 76, 72, 69, 57, 53, 50, 40, 35, 23, 19, 17, 15, 13, 12, 11], "topic_diversities": [10, 10, 5, 10, 3, 4, 2, 5, 10, 10, 3, 1, 3, 7, 4, 3, 8, 10, 1, 1, 1, 9, 2, 10, 2, 9, 4, 4, 4]}