{"num_topics": 29, "avg_topic_diversity": 5.275862068965517, "total_unique_words": 15, "topic_size_std": 534.563495570611, "topic_size_cv": 2.4049552236344587, "doc_coverage": 0.6913341913341914, "avg_topic_size": 222.27586206896552, "topic_sizes": [2903, 718, 692, 281, 233, 200, 146, 118, 115, 109, 102, 100, 92, 88, 84, 72, 54, 54, 53, 47, 40, 35, 24, 19, 17, 14, 13, 12, 11], "topic_diversities": [10, 10, 5, 3, 4, 4, 10, 3, 10, 3, 1, 10, 3, 7, 10, 2, 8, 1, 1, 1, 5, 8, 2, 10, 2, 9, 4, 4, 3]}