{"num_topics": 20, "avg_topic_diversity": 7.05, "total_unique_words": 68, "topic_size_std": 114.65735911837497, "topic_size_cv": 1.0745769364421272, "doc_coverage": 0.9829571625978811, "avg_topic_size": 106.7, "topic_sizes": [469, 300, 279, 193, 118, 108, 107, 82, 69, 64, 61, 40, 38, 36, 32, 32, 30, 29, 24, 23], "topic_diversities": [10, 3, 4, 10, 4, 10, 3, 4, 10, 6, 6, 10, 10, 10, 4, 10, 10, 4, 10, 3]}